Accounting Major,https://catalog.usfca.edu/preview_program.php?catoid=22&poid=13218&returnto=3107
Advertising Major,https://catalog.usfca.edu/preview_program.php?catoid=22&poid=13109&returnto=3107
Architecture Major,https://catalog.usfca.edu/preview_program.php?catoid=22&poid=13095&returnto=3107
Art History & Museum Studies Major,https://catalog.usfca.edu/preview_program.php?catoid=22&poid=13479&returnto=3107
Asian Studies Major,https://catalog.usfca.edu/preview_program.php?catoid=22&poid=13096&returnto=3107
"Asian Studies, Philippine Concentration, Major",https://catalog.usfca.edu/preview_program.php?catoid=22&poid=13097&returnto=3107
Biology Major,https://catalog.usfca.edu/preview_program.php?catoid=22&poid=13098&returnto=3107
"Biology, Ecology Concentration, Major",https://catalog.usfca.edu/preview_program.php?catoid=22&poid=13099&returnto=3107
"Biology, Honors Concentration, Major ",https://catalog.usfca.edu/preview_program.php?catoid=22&poid=13282&returnto=3107
"Biology, Molecular Biology Concentration, Major",https://catalog.usfca.edu/preview_program.php?catoid=22&poid=13100&returnto=3107
Business Analytics Major,https://catalog.usfca.edu/preview_program.php?catoid=22&poid=34872&returnto=3107
"Chemistry - ACS Certified, Biochemistry Concentration, Major",https://catalog.usfca.edu/preview_program.php?catoid=22&poid=13313&returnto=3107
"Chemistry - ACS Certified, Major",https://catalog.usfca.edu/preview_program.php?catoid=22&poid=13314&returnto=3107
"Chemistry - ACS Certified, Medicinal/Synthetic Concentration, Major",https://catalog.usfca.edu/preview_program.php?catoid=22&poid=13315&returnto=3107
Chemistry Major,https://catalog.usfca.edu/preview_program.php?catoid=22&poid=13103&returnto=3107
"Chemistry, Biochemistry Concentration, Major",https://catalog.usfca.edu/preview_program.php?catoid=22&poid=13104&returnto=3107
"Chemistry, Medicinal/Synthetic Concentration, Major",https://catalog.usfca.edu/preview_program.php?catoid=22&poid=13105&returnto=3107
Communication Studies Major,https://catalog.usfca.edu/preview_program.php?catoid=22&poid=13111&returnto=3107
Comparative Literature and Culture Major,https://catalog.usfca.edu/preview_program.php?catoid=22&poid=13184&returnto=3107
Computer Science Major,https://catalog.usfca.edu/preview_program.php?catoid=22&poid=13114&returnto=3107
"Critical Diversity Studies, African American Studies Concentration, Major",https://catalog.usfca.edu/preview_program.php?catoid=22&poid=13283&returnto=3107
"Critical Diversity Studies, Asian Pacific American Studies Concentration, Major",https://catalog.usfca.edu/preview_program.php?catoid=22&poid=13284&returnto=3107
"Critical Diversity Studies, Chican@/Latin@ & Indigenous Studies Concentration, Major",https://catalog.usfca.edu/preview_program.php?catoid=22&poid=13285&returnto=3107
"Critical Diversity Studies, Comparative Diversity Studies Concentration, Major",https://catalog.usfca.edu/preview_program.php?catoid=22&poid=13286&returnto=3107
"Critical Diversity Studies, Gender & Sexualities Studies Concentration, Major",https://catalog.usfca.edu/preview_program.php?catoid=22&poid=13287&returnto=3107
Data Science Major,https://catalog.usfca.edu/preview_program.php?catoid=22&poid=13141&returnto=3107
Design Major,https://catalog.usfca.edu/preview_program.php?catoid=22&poid=13086&returnto=3107
"Economics, BS",https://catalog.usfca.edu/preview_program.php?catoid=22&poid=13454&returnto=3107
"Economics, Economic Development Concentration, BS",https://catalog.usfca.edu/preview_program.php?catoid=22&poid=13455&returnto=3107
"Economics, Financial Economics Concentration, BS",https://catalog.usfca.edu/preview_program.php?catoid=22&poid=13456&returnto=3107
"Economics, International Economics Concentration, BS",https://catalog.usfca.edu/preview_program.php?catoid=22&poid=13457&returnto=3107
"Engineering, Electrical & Computer Engineering Concentration, Major",https://catalog.usfca.edu/preview_program.php?catoid=22&poid=33847&returnto=3107
"Engineering, Environmental Engineering Concentration, Major",https://catalog.usfca.edu/preview_program.php?catoid=22&poid=33334&returnto=3107
"Engineering, Sustainable Built Environments Engineering Concentration, Major",https://catalog.usfca.edu/preview_program.php?catoid=22&poid=33846&returnto=3107
"English, Honors Concentration, Major",https://catalog.usfca.edu/preview_program.php?catoid=22&poid=13125&returnto=3107
"English, Literature Concentration, Major",https://catalog.usfca.edu/preview_program.php?catoid=22&poid=13123&returnto=3107
"English, Writing Concentration, Major",https://catalog.usfca.edu/preview_program.php?catoid=22&poid=13124&returnto=3107
Entrepreneurship and Innovation Major,https://catalog.usfca.edu/preview_program.php?catoid=22&poid=13173&returnto=3107
Environmental Science Major,https://catalog.usfca.edu/preview_program.php?catoid=22&poid=13128&returnto=3107
Environmental Studies Major,https://catalog.usfca.edu/preview_program.php?catoid=22&poid=13130&returnto=3107
Finance Major,https://catalog.usfca.edu/preview_program.php?catoid=22&poid=13174&returnto=3107
Fine Arts Major,https://catalog.usfca.edu/preview_program.php?catoid=22&poid=13088&returnto=3107
French Studies Major,https://catalog.usfca.edu/preview_program.php?catoid=22&poid=13186&returnto=3107
"History, African History Concentration, Major",https://catalog.usfca.edu/preview_program.php?catoid=22&poid=13288&returnto=3107
"History, Asian History Concentration, Major",https://catalog.usfca.edu/preview_program.php?catoid=22&poid=13289&returnto=3107
"History, European History Concentration, Major",https://catalog.usfca.edu/preview_program.php?catoid=22&poid=13290&returnto=3107
"History, Global Concentration, Major",https://catalog.usfca.edu/preview_program.php?catoid=22&poid=13291&returnto=3107
"History, Islamic World Concentration, Major",https://catalog.usfca.edu/preview_program.php?catoid=22&poid=13292&returnto=3107
"History, Latin American History Concentration, Major",https://catalog.usfca.edu/preview_program.php?catoid=22&poid=13293&returnto=3107
"History, United States History Concentration, Major",https://catalog.usfca.edu/preview_program.php?catoid=22&poid=13294&returnto=3107
Hospitality Management Major,https://catalog.usfca.edu/preview_program.php?catoid=22&poid=13175&returnto=3107
International Business Major,https://catalog.usfca.edu/preview_program.php?catoid=22&poid=13176&returnto=3107
"International Studies, Culture, Societies and Values Concentration, Major",https://catalog.usfca.edu/preview_program.php?catoid=22&poid=13134&returnto=3107
"International Studies, Global Politics and Societies Concentration, Major",https://catalog.usfca.edu/preview_program.php?catoid=22&poid=13136&returnto=3107
"International Studies, International Economics Concentration, Major",https://catalog.usfca.edu/preview_program.php?catoid=22&poid=13137&returnto=3107
"International Studies, Peace and Conflict Studies Concentration, Major",https://catalog.usfca.edu/preview_program.php?catoid=22&poid=13138&returnto=3107
"International Studies, Sustainable Development and Environmental Justice Concentration, Major",https://catalog.usfca.edu/preview_program.php?catoid=22&poid=13135&returnto=3107
Japanese Studies Major,https://catalog.usfca.edu/preview_program.php?catoid=22&poid=13189&returnto=3107
Kinesiology Major,https://catalog.usfca.edu/preview_program.php?catoid=22&poid=13139&returnto=3107
Latin American Studies Major,https://catalog.usfca.edu/preview_program.php?catoid=22&poid=13142&returnto=3107
Management Major,https://catalog.usfca.edu/preview_program.php?catoid=22&poid=13271&returnto=3107
"Management, BS - Degree Completion Program",https://catalog.usfca.edu/preview_program.php?catoid=22&poid=13181&returnto=3107
Marketing Major,https://catalog.usfca.edu/preview_program.php?catoid=22&poid=13177&returnto=3107
Mathematics Major,https://catalog.usfca.edu/preview_program.php?catoid=22&poid=13161&returnto=3107
"Mathematics, Honors Concentration, Major",https://catalog.usfca.edu/preview_program.php?catoid=22&poid=13316&returnto=3107
Media Studies Major,https://catalog.usfca.edu/preview_program.php?catoid=22&poid=13163&returnto=3107
Nursing Major,https://catalog.usfca.edu/preview_program.php?catoid=22&poid=13183&returnto=3107
"Performing Arts and Social Justice, Dance Concentration, Major",https://catalog.usfca.edu/preview_program.php?catoid=22&poid=13195&returnto=3107
"Performing Arts and Social Justice, Music Concentration, Major",https://catalog.usfca.edu/preview_program.php?catoid=22&poid=13196&returnto=3107
"Performing Arts and Social Justice, Theater Concentration, Major",https://catalog.usfca.edu/preview_program.php?catoid=22&poid=13197&returnto=3107
Philosophy Major,https://catalog.usfca.edu/preview_program.php?catoid=22&poid=13200&returnto=3107
Physics Major,https://catalog.usfca.edu/preview_program.php?catoid=22&poid=13202&returnto=3107
"Physics, Honors Concentration, Major",https://catalog.usfca.edu/preview_program.php?catoid=22&poid=13203&returnto=3107
Politics Major,https://catalog.usfca.edu/preview_program.php?catoid=22&poid=13208&returnto=3107
Psychology Major,https://catalog.usfca.edu/preview_program.php?catoid=22&poid=13157&returnto=3107
"Psychology, Honors Concentration, Major",https://catalog.usfca.edu/preview_program.php?catoid=22&poid=13158&returnto=3107
Sociology Major,https://catalog.usfca.edu/preview_program.php?catoid=22&poid=13213&returnto=3107
"Sociology, Criminology, Law & Society Concentration, Major",https://catalog.usfca.edu/preview_program.php?catoid=22&poid=13298&returnto=3107
"Sociology, Critical Diversity & Social Justice Concentration, Major",https://catalog.usfca.edu/preview_program.php?catoid=22&poid=13299&returnto=3107
"Sociology, Education & Youth Concentration, Major",https://catalog.usfca.edu/preview_program.php?catoid=22&poid=13300&returnto=3107
"Sociology, Globalization, Development & Sustainability Concentration, Major",https://catalog.usfca.edu/preview_program.php?catoid=22&poid=13301&returnto=3107
"Sociology, Honors Concentration, Major",https://catalog.usfca.edu/preview_program.php?catoid=22&poid=13302&returnto=3107
Spanish Studies Major,https://catalog.usfca.edu/preview_program.php?catoid=22&poid=13191&returnto=3107
Theology and Religious Studies Major,https://catalog.usfca.edu/preview_program.php?catoid=22&poid=13215&returnto=3107
Urban Studies Major,https://catalog.usfca.edu/preview_program.php?catoid=22&poid=13217&returnto=3107
Advertising Minor,https://catalog.usfca.edu/preview_program.php?catoid=22&poid=13110&returnto=3107
Architectural Engineering Minor,https://catalog.usfca.edu/preview_program.php?catoid=22&poid=13083&returnto=3107
Architecture Minor,https://catalog.usfca.edu/preview_program.php?catoid=22&poid=13082&returnto=3107
Art History Minor,https://catalog.usfca.edu/preview_program.php?catoid=22&poid=13481&returnto=3107
Asian Studies Minor,https://catalog.usfca.edu/preview_program.php?catoid=22&poid=13091&returnto=3107
Astronomy Minor,https://catalog.usfca.edu/preview_program.php?catoid=22&poid=13205&returnto=3107
Astrophysics Minor,https://catalog.usfca.edu/preview_program.php?catoid=22&poid=13206&returnto=3107
Biochemistry Minor,https://catalog.usfca.edu/preview_program.php?catoid=22&poid=13106&returnto=3107
Biology Minor,https://catalog.usfca.edu/preview_program.php?catoid=22&poid=13101&returnto=3107
Business Analytics Minor,https://catalog.usfca.edu/preview_program.php?catoid=22&poid=13410&returnto=3107
Chemical Physics Minor,https://catalog.usfca.edu/preview_program.php?catoid=22&poid=13108&returnto=3107
Chemistry Minor,https://catalog.usfca.edu/preview_program.php?catoid=22&poid=13107&returnto=3107
Child and Youth Studies Minor,https://catalog.usfca.edu/preview_program.php?catoid=22&poid=13140&returnto=3107
Chinese Studies Minor,https://catalog.usfca.edu/preview_program.php?catoid=22&poid=13167&returnto=3107
Communication Studies Minor,https://catalog.usfca.edu/preview_program.php?catoid=22&poid=13112&returnto=3107
Comparative Literature and Culture Minor,https://catalog.usfca.edu/preview_program.php?catoid=22&poid=13185&returnto=3107
Computer Science Minor,https://catalog.usfca.edu/preview_program.php?catoid=22&poid=13115&returnto=3107
Dance Minor,https://catalog.usfca.edu/preview_program.php?catoid=22&poid=13193&returnto=3107
Design Minor,https://catalog.usfca.edu/preview_program.php?catoid=22&poid=13087&returnto=3107
Economics Minor,https://catalog.usfca.edu/preview_program.php?catoid=22&poid=13122&returnto=3107
Engineering Physics Minor,https://catalog.usfca.edu/preview_program.php?catoid=22&poid=13334&returnto=3107
English in Literature Minor,https://catalog.usfca.edu/preview_program.php?catoid=22&poid=13126&returnto=3107
English in Writing Minor,https://catalog.usfca.edu/preview_program.php?catoid=22&poid=13127&returnto=3107
Entrepreneurship and Innovation Minor,https://catalog.usfca.edu/preview_program.php?catoid=22&poid=13179&returnto=3107
Environmental Science Minor,https://catalog.usfca.edu/preview_program.php?catoid=22&poid=13129&returnto=3107
Environmental Studies Minor,https://catalog.usfca.edu/preview_program.php?catoid=22&poid=13131&returnto=3107
Film Studies Minor,https://catalog.usfca.edu/preview_program.php?catoid=22&poid=13165&returnto=3107
Fine Arts Minor,https://catalog.usfca.edu/preview_program.php?catoid=22&poid=13089&returnto=3107
French Studies Minor,https://catalog.usfca.edu/preview_program.php?catoid=22&poid=13187&returnto=3107
General Business Minor,https://catalog.usfca.edu/preview_program.php?catoid=22&poid=13178&returnto=3107
German Studies Minor,https://catalog.usfca.edu/preview_program.php?catoid=22&poid=13188&returnto=3107
Gerontology Minor,https://catalog.usfca.edu/preview_program.php?catoid=22&poid=13156&returnto=3107
History Minor,https://catalog.usfca.edu/preview_program.php?catoid=22&poid=13133&returnto=3107
Hospitality Management Minor,https://catalog.usfca.edu/preview_program.php?catoid=22&poid=13180&returnto=3107
Japanese Studies Minor,https://catalog.usfca.edu/preview_program.php?catoid=22&poid=13190&returnto=3107
Journalism Minor,https://catalog.usfca.edu/preview_program.php?catoid=22&poid=13166&returnto=3107
Latin@-Chican@ Studies Minor,https://catalog.usfca.edu/preview_program.php?catoid=22&poid=13146&returnto=3107
Mathematics for Educators Minor,https://catalog.usfca.edu/preview_program.php?catoid=22&poid=13337&returnto=3107
Mathematics Minor,https://catalog.usfca.edu/preview_program.php?catoid=22&poid=13162&returnto=3107
Media Studies Minor,https://catalog.usfca.edu/preview_program.php?catoid=22&poid=13164&returnto=3107
Museum Studies Minor,https://catalog.usfca.edu/preview_program.php?catoid=22&poid=13480&returnto=3107
Music Minor,https://catalog.usfca.edu/preview_program.php?catoid=22&poid=13198&returnto=3107
Natural Sciences Minor,https://catalog.usfca.edu/preview_program.php?catoid=22&poid=13102&returnto=3107
Philosophy Minor,https://catalog.usfca.edu/preview_program.php?catoid=22&poid=13201&returnto=3107
Physics Minor,https://catalog.usfca.edu/preview_program.php?catoid=22&poid=13207&returnto=3107
Politics Minor,https://catalog.usfca.edu/preview_program.php?catoid=22&poid=13209&returnto=3107
Psychology Minor,https://catalog.usfca.edu/preview_program.php?catoid=22&poid=13160&returnto=3107
Public Relations Minor,https://catalog.usfca.edu/preview_program.php?catoid=22&poid=13113&returnto=3107
Sociology Minor,https://catalog.usfca.edu/preview_program.php?catoid=22&poid=13214&returnto=3107
Spanish Studies Minor,https://catalog.usfca.edu/preview_program.php?catoid=22&poid=13192&returnto=3107
Theater Minor,https://catalog.usfca.edu/preview_program.php?catoid=22&poid=13199&returnto=3107
Theology and Religious Studies Minor,https://catalog.usfca.edu/preview_program.php?catoid=22&poid=13216&returnto=3107
African American Studies Minor,https://catalog.usfca.edu/preview_program.php?catoid=22&poid=13143&returnto=3107
African Studies Minor,https://catalog.usfca.edu/preview_program.php?catoid=22&poid=13090&returnto=3107
Asian Pacific American Studies Minor,https://catalog.usfca.edu/preview_program.php?catoid=22&poid=13144&returnto=3107
Catholic Studies Minor,https://catalog.usfca.edu/preview_program.php?catoid=22&poid=13145&returnto=3107
Classical Studies Minor,https://catalog.usfca.edu/preview_program.php?catoid=22&poid=13147&returnto=3107
Criminal Justice Studies Minor,https://catalog.usfca.edu/preview_program.php?catoid=22&poid=13210&returnto=3107
Cultural Anthropology Minor,https://catalog.usfca.edu/preview_program.php?catoid=22&poid=13148&returnto=3107
European Studies Minor,https://catalog.usfca.edu/preview_program.php?catoid=22&poid=13092&returnto=3107
Gender and Sexualities Studies Minor,https://catalog.usfca.edu/preview_program.php?catoid=22&poid=13149&returnto=3107
Health Studies Minor,https://catalog.usfca.edu/preview_program.php?catoid=22&poid=13150&returnto=3107
Jewish Studies and Social Justice Minor,https://catalog.usfca.edu/preview_program.php?catoid=22&poid=13151&returnto=3107
Latin American Studies Minor,https://catalog.usfca.edu/preview_program.php?catoid=22&poid=13093&returnto=3107
Legal Studies Minor,https://catalog.usfca.edu/preview_program.php?catoid=22&poid=13211&returnto=3107
Middle Eastern Studies Minor,https://catalog.usfca.edu/preview_program.php?catoid=22&poid=13094&returnto=3107
Neuroscience Minor,https://catalog.usfca.edu/preview_program.php?catoid=22&poid=13159&returnto=3107
Peace and Justice Studies Minor,https://catalog.usfca.edu/preview_program.php?catoid=22&poid=13212&returnto=3107
Philippine Studies Minor,https://catalog.usfca.edu/preview_program.php?catoid=22&poid=13152&returnto=3107
Public Service and Community Engagement Minor,https://catalog.usfca.edu/preview_program.php?catoid=22&poid=13153&returnto=3107
"Science, Technology, Engineering, Math (STEM) Education Minor",https://catalog.usfca.edu/preview_program.php?catoid=22&poid=13154&returnto=3107
Urban Agriculture Minor,https://catalog.usfca.edu/preview_program.php?catoid=22&poid=13155&returnto=3107
"Applied Economics, MS",https://catalog.usfca.edu/preview_program.php?catoid=22&poid=13473&returnto=3107
"Asia Pacific Studies, Business Concentration, MA",https://catalog.usfca.edu/preview_program.php?catoid=22&poid=13303&returnto=3107
"Asia Pacific Studies, Humanities/Social Sciences Concentration, MA",https://catalog.usfca.edu/preview_program.php?catoid=22&poid=13304&returnto=3107
"Biology, MS",https://catalog.usfca.edu/preview_program.php?catoid=22&poid=13080&returnto=3107
"Biotechnology, PSM",https://catalog.usfca.edu/preview_program.php?catoid=22&poid=13474&returnto=3107
"Business Administration - Executive, MBAE",https://catalog.usfca.edu/preview_program.php?catoid=22&poid=13343&returnto=3107
"Business Administration - Full Time, Business Analytics Concentration, MBA",https://catalog.usfca.edu/preview_program.php?catoid=22&poid=13317&returnto=3107
"Business Administration - Full Time, Entrepreneurship and Innovation Concentration, MBA",https://catalog.usfca.edu/preview_program.php?catoid=22&poid=13168&returnto=3107
"Business Administration - Full Time, Finance Concentration, MBA",https://catalog.usfca.edu/preview_program.php?catoid=22&poid=13169&returnto=3107
"Business Administration - Full Time, International Business Concentration, MBA",https://catalog.usfca.edu/preview_program.php?catoid=22&poid=13170&returnto=3107
"Business Administration - Full Time, Marketing Concentration, MBA",https://catalog.usfca.edu/preview_program.php?catoid=22&poid=13171&returnto=3107
"Business Administration - Full Time, MBA",https://catalog.usfca.edu/preview_program.php?catoid=22&poid=13341&returnto=3107
"Business Administration - Full Time, Organization Development Concentration, MBA",https://catalog.usfca.edu/preview_program.php?catoid=22&poid=13172&returnto=3107
"Business Administration - Part Time, Business Analytics Concentration, MBA",https://catalog.usfca.edu/preview_program.php?catoid=22&poid=13344&returnto=3107
"Business Administration - Part Time, Entrepreneurship and Innovation Concentration, MBA",https://catalog.usfca.edu/preview_program.php?catoid=22&poid=13345&returnto=3107
"Business Administration - Part Time, Finance Concentration, MBA",https://catalog.usfca.edu/preview_program.php?catoid=22&poid=13346&returnto=3107
"Business Administration - Part Time, International Business Concentration, MBA",https://catalog.usfca.edu/preview_program.php?catoid=22&poid=13349&returnto=3107
"Business Administration - Part Time, Marketing Concentration, MBA",https://catalog.usfca.edu/preview_program.php?catoid=22&poid=13347&returnto=3107
"Business Administration - Part Time, MBA",https://catalog.usfca.edu/preview_program.php?catoid=22&poid=13342&returnto=3107
"Business Administration - Part Time, Organization Development Concentration, MBA",https://catalog.usfca.edu/preview_program.php?catoid=22&poid=13348&returnto=3107
"Catholic Educational Leadership, EdD",https://catalog.usfca.edu/preview_program.php?catoid=22&poid=13368&returnto=3107
"Catholic Educational Leadership, MA",https://catalog.usfca.edu/preview_program.php?catoid=22&poid=13220&returnto=3107
"Catholic Educational Leadership, Preliminary Administrative Services Credential, EdD ",https://catalog.usfca.edu/preview_program.php?catoid=22&poid=13444&returnto=3107
"Catholic Educational Leadership, Preliminary Administrative Services Credential, MA ",https://catalog.usfca.edu/preview_program.php?catoid=22&poid=13443&returnto=3107
"Chemistry, MS",https://catalog.usfca.edu/preview_program.php?catoid=22&poid=13081&returnto=3107
"Clinical Psychology, MS",https://catalog.usfca.edu/preview_program.php?catoid=22&poid=13428&returnto=3107
"Clinical Psychology, PsyD",https://catalog.usfca.edu/preview_program.php?catoid=22&poid=13483&returnto=3107
"Computer Science Bridge Program, MS",https://catalog.usfca.edu/preview_program.php?catoid=22&poid=13336&returnto=3107
"Computer Science, MS",https://catalog.usfca.edu/preview_program.php?catoid=22&poid=13233&returnto=3107
"Counseling Psychology, Marriage and Family Therapy Concentration, MA",https://catalog.usfca.edu/preview_program.php?catoid=22&poid=13222&returnto=3107
"Counseling Psychology, Professional Clinical Counseling Concentration and School Counseling Concentration with PPS Credential, MA",https://catalog.usfca.edu/preview_program.php?catoid=22&poid=13321&returnto=3107
"Counseling Psychology, School Counseling Concentration with Pupil Personnel Services Credential, MA",https://catalog.usfca.edu/preview_program.php?catoid=22&poid=13223&returnto=3107
"Data Science, MS",https://catalog.usfca.edu/preview_program.php?catoid=22&poid=13078&returnto=3107
"Education, Catholic Education Concentration with Multiple Subject Credential, MAT ",https://catalog.usfca.edu/preview_program.php?catoid=22&poid=13366&returnto=3107
"Education, Catholic Education Concentration with Multiple Subject/Bilingual Authorization Credential, MAT",https://catalog.usfca.edu/preview_program.php?catoid=22&poid=13365&returnto=3107
"Education, Catholic Education Concentration with Single Subject Credential, MAT",https://catalog.usfca.edu/preview_program.php?catoid=22&poid=13323&returnto=3107
"Education, Catholic Education Concentration with Single Subject/Bilingual Authorization Credential, MAT",https://catalog.usfca.edu/preview_program.php?catoid=22&poid=13363&returnto=3107
"Education, Elementary Education Concentration with Multiple Subject Credential, MAT",https://catalog.usfca.edu/preview_program.php?catoid=22&poid=13362&returnto=3107
"Education, Elementary Education Concentration with Multiple Subject/Bilingual Authorization Credential, MAT",https://catalog.usfca.edu/preview_program.php?catoid=22&poid=13324&returnto=3107
"Education, Secondary Education Concentration with Single Subject Credential, MAT",https://catalog.usfca.edu/preview_program.php?catoid=22&poid=13325&returnto=3107
"Education, Secondary Education Concentration with Single Subject/Bilingual Authorization Credential, MAT",https://catalog.usfca.edu/preview_program.php?catoid=22&poid=13359&returnto=3107
"Educational Technology, MA",https://catalog.usfca.edu/preview_program.php?catoid=22&poid=13224&returnto=3107
"Educational Technology, Multiple Subject Credential, MA",https://catalog.usfca.edu/preview_program.php?catoid=22&poid=13352&returnto=3107
"Educational Technology, Multiple Subject/Bilingual Authorization Credential, MA",https://catalog.usfca.edu/preview_program.php?catoid=22&poid=13354&returnto=3107
"Educational Technology, Single Subject Credential, MA",https://catalog.usfca.edu/preview_program.php?catoid=22&poid=13353&returnto=3107
"Educational Technology, Single Subject/Bilingual Authorization Credential, MA",https://catalog.usfca.edu/preview_program.php?catoid=22&poid=13367&returnto=3107
"Energy Systems Management, MS",https://catalog.usfca.edu/preview_program.php?catoid=22&poid=13242&returnto=3107
"Entrepreneurship and Innovation, MS",https://catalog.usfca.edu/preview_program.php?catoid=22&poid=13267&returnto=3107
"Environmental Management, Ecology Concentration, MS",https://catalog.usfca.edu/preview_program.php?catoid=22&poid=13309&returnto=3107
"Environmental Management, Energy & Climate Change Concentration, MS",https://catalog.usfca.edu/preview_program.php?catoid=22&poid=13311&returnto=3107
"Environmental Management, Environmental Health & Hazards Concentration, MS",https://catalog.usfca.edu/preview_program.php?catoid=22&poid=13310&returnto=3107
"Environmental Management, MS",https://catalog.usfca.edu/preview_program.php?catoid=22&poid=13243&returnto=3107
"Environmental Management, Water Management Concentration, MS",https://catalog.usfca.edu/preview_program.php?catoid=22&poid=13312&returnto=3107
"Executive Leadership, DNP",https://catalog.usfca.edu/preview_program.php?catoid=22&poid=13259&returnto=3107
"Family Nurse Practitioner (BSN/RN), DNP",https://catalog.usfca.edu/preview_program.php?catoid=22&poid=13260&returnto=3107
"Financial Analysis - Full Time, MS",https://catalog.usfca.edu/preview_program.php?catoid=22&poid=13350&returnto=3107
"Financial Analysis - Part Time, MS",https://catalog.usfca.edu/preview_program.php?catoid=22&poid=13268&returnto=3107
"Global Entrepreneurial Management, MGEM",https://catalog.usfca.edu/preview_program.php?catoid=22&poid=24227&returnto=3107
"Health Informatics, MS",https://catalog.usfca.edu/preview_program.php?catoid=22&poid=13274&returnto=3107
"Healthcare Simulation, MS",https://catalog.usfca.edu/preview_program.php?catoid=22&poid=13275&returnto=3107
"Higher Education and Student Affairs, MA",https://catalog.usfca.edu/preview_program.php?catoid=22&poid=13235&returnto=3107
"Human Rights Education, MA",https://catalog.usfca.edu/preview_program.php?catoid=22&poid=13227&returnto=3107
"Information Systems - Full Time, MS",https://catalog.usfca.edu/preview_program.php?catoid=22&poid=13468&returnto=3107
"Information Systems - Part Time, MS",https://catalog.usfca.edu/preview_program.php?catoid=22&poid=13258&returnto=3107
"Intellectual Property and Technology Law, LLM",https://catalog.usfca.edu/preview_program.php?catoid=22&poid=13249&returnto=3107
"International & Development Economics, MS",https://catalog.usfca.edu/preview_program.php?catoid=22&poid=13244&returnto=3107
"International and Multicultural Education, EdD",https://catalog.usfca.edu/preview_program.php?catoid=22&poid=13232&returnto=3107
"International and Multicultural Education, Human Rights Education Concentration, EdD ",https://catalog.usfca.edu/preview_program.php?catoid=22&poid=13326&returnto=3107
"International and Multicultural Education, Language & Culture Concentration, EdD",https://catalog.usfca.edu/preview_program.php?catoid=22&poid=13327&returnto=3107
"International and Multicultural Education, MA",https://catalog.usfca.edu/preview_program.php?catoid=22&poid=13226&returnto=3107
"International and Multicultural Education, Racial Justice and Education Concentration,EdD",https://catalog.usfca.edu/preview_program.php?catoid=22&poid=33848&returnto=3107
"International Studies, Culture, Power, and Social Movements Concentration, MA",https://catalog.usfca.edu/preview_program.php?catoid=22&poid=13330&returnto=3107
"International Studies, Governance and Global Justice Concentration, MA",https://catalog.usfca.edu/preview_program.php?catoid=22&poid=13328&returnto=3107
"International Studies, MA",https://catalog.usfca.edu/preview_program.php?catoid=22&poid=13237&returnto=3107
"International Studies, Sustainable Development and Environmental Justice Concentration, MA",https://catalog.usfca.edu/preview_program.php?catoid=22&poid=13329&returnto=3107
"International Transactions and Comparative Law, LLM",https://catalog.usfca.edu/preview_program.php?catoid=22&poid=13250&returnto=3107
"Law, JD: Full-Time / Part-Time Programs",https://catalog.usfca.edu/preview_program.php?catoid=22&poid=13280&returnto=3107
"Learning and Instruction, EdD",https://catalog.usfca.edu/preview_program.php?catoid=22&poid=13229&returnto=3107
"Learning and Instruction, Educational Technology Concentration, EdD",https://catalog.usfca.edu/preview_program.php?catoid=22&poid=13449&returnto=3107
"Learning and Instruction, Special Education Concentration, EdD",https://catalog.usfca.edu/preview_program.php?catoid=22&poid=13448&returnto=3107
"Marketing Intelligence, MS",https://catalog.usfca.edu/preview_program.php?catoid=22&poid=13471&returnto=3107
Master of Information Systems,https://catalog.usfca.edu/preview_program.php?catoid=22&poid=13485&returnto=3107
"Migration Studies, MIG",https://catalog.usfca.edu/preview_program.php?catoid=22&poid=13238&returnto=3107
"Museum Studies, MA",https://catalog.usfca.edu/preview_program.php?catoid=22&poid=13239&returnto=3107
"Nonprofit Administration - Full Time, MNA",https://catalog.usfca.edu/preview_program.php?catoid=22&poid=13257&returnto=3107
"Nonprofit Administration - Part Time, MNA",https://catalog.usfca.edu/preview_program.php?catoid=22&poid=13425&returnto=3107
"Nursing (ADN/RN), MSN",https://catalog.usfca.edu/preview_program.php?catoid=22&poid=13380&returnto=3107
"Nursing (BA/BS/RN), MSN",https://catalog.usfca.edu/preview_program.php?catoid=22&poid=13381&returnto=3107
"Nursing (BSN/RN), MSN",https://catalog.usfca.edu/preview_program.php?catoid=22&poid=13390&returnto=3107
"Nursing (ME), MSN",https://catalog.usfca.edu/preview_program.php?catoid=22&poid=13383&returnto=3107
"Organization and Leadership, EdD",https://catalog.usfca.edu/preview_program.php?catoid=22&poid=13236&returnto=3107
"Organization and Leadership, MA",https://catalog.usfca.edu/preview_program.php?catoid=22&poid=13234&returnto=3107
"Organization and Leadership, MA, EARCOS",https://catalog.usfca.edu/preview_program.php?catoid=22&poid=13379&returnto=3107
"Organization and Leadership, MA, UC Berkeley Extension ",https://catalog.usfca.edu/preview_program.php?catoid=22&poid=13378&returnto=3107
"Organization and Leadership, Preliminary Administrative Services Credential, EdD",https://catalog.usfca.edu/preview_program.php?catoid=22&poid=13445&returnto=3107
"Organization and Leadership, Preliminary Administrative Services Credential, MA",https://catalog.usfca.edu/preview_program.php?catoid=22&poid=13377&returnto=3107
"Organizational Development, MS",https://catalog.usfca.edu/preview_program.php?catoid=22&poid=13256&returnto=3107
"Population Health Leadership, DNP",https://catalog.usfca.edu/preview_program.php?catoid=22&poid=13387&returnto=3107
"Professional Communication, Health Communication Concentration, MA",https://catalog.usfca.edu/preview_program.php?catoid=22&poid=13478&returnto=3107
"Professional Communication, MA",https://catalog.usfca.edu/preview_program.php?catoid=22&poid=13240&returnto=3107
"Professional Communication, Strategic Communication Concentration, MA ",https://catalog.usfca.edu/preview_program.php?catoid=22&poid=13307&returnto=3107
"Professional Communication, Technical Communication Concentration, MA",https://catalog.usfca.edu/preview_program.php?catoid=22&poid=13308&returnto=3107
"Psychiatric-Mental Health Nurse Practitioner, DNP",https://catalog.usfca.edu/preview_program.php?catoid=22&poid=13385&returnto=3107
"Public Administration - Online, MPA",https://catalog.usfca.edu/preview_program.php?catoid=22&poid=13254&returnto=3107
"Public Administration, Health Services Administration Concentration, MPA",https://catalog.usfca.edu/preview_program.php?catoid=22&poid=13318&returnto=3107
"Public Administration, MPA",https://catalog.usfca.edu/preview_program.php?catoid=22&poid=13255&returnto=3107
"Public Health, Behavioral Health Concentration, MPH",https://catalog.usfca.edu/preview_program.php?catoid=22&poid=13472&returnto=3107
"Public Health, Community and Public Health Practice Concentration, MPH",https://catalog.usfca.edu/preview_program.php?catoid=22&poid=13486&returnto=3107
"Public Health, Health Policy and Leadership Concentration, MPH",https://catalog.usfca.edu/preview_program.php?catoid=22&poid=13487&returnto=3107
"Public Leadership, MA",https://catalog.usfca.edu/preview_program.php?catoid=22&poid=13338&returnto=3107
"Special Education, EdD",https://catalog.usfca.edu/preview_program.php?catoid=22&poid=13230&returnto=3107
"Special Education, Mild/Moderate Education Specialist Credential, MA",https://catalog.usfca.edu/preview_program.php?catoid=22&poid=13231&returnto=3107
"Sport Management, MA",https://catalog.usfca.edu/preview_program.php?catoid=22&poid=13241&returnto=3107
"Taxation, LLM",https://catalog.usfca.edu/preview_program.php?catoid=22&poid=13247&returnto=3107
"Taxation, MLS",https://catalog.usfca.edu/preview_program.php?catoid=22&poid=13251&returnto=3107
"Teaching English to Speakers of Other Languages, Educational Technology Concentration (Online), MA ",https://catalog.usfca.edu/preview_program.php?catoid=22&poid=13370&returnto=3107
"Teaching English to Speakers of Other Languages, Educational Technology Concentration, MA ",https://catalog.usfca.edu/preview_program.php?catoid=22&poid=13322&returnto=3107
"Teaching English to Speakers of Other Languages, MA",https://catalog.usfca.edu/preview_program.php?catoid=22&poid=13228&returnto=3107
"Teaching English to Speakers of Other Languages, MA, UC Berkeley Extension",https://catalog.usfca.edu/preview_program.php?catoid=22&poid=13375&returnto=3107
"Teaching English to Speakers of Other Languages, MA, UC Santa Cruz Extension",https://catalog.usfca.edu/preview_program.php?catoid=22&poid=13376&returnto=3107
"Teaching English to Speakers of Other Languages, Multiple Subject Credential, MA",https://catalog.usfca.edu/preview_program.php?catoid=22&poid=13371&returnto=3107
"Teaching English to Speakers of Other Languages, Multiple Subject/Bilingual Authorization Credential, MA",https://catalog.usfca.edu/preview_program.php?catoid=22&poid=13373&returnto=3107
"Teaching English to Speakers of Other Languages, Single Subject Credential, MA ",https://catalog.usfca.edu/preview_program.php?catoid=22&poid=13372&returnto=3107
"Teaching English to Speakers of Other Languages, Single Subject/Bilingual Authorization Credential, MA",https://catalog.usfca.edu/preview_program.php?catoid=22&poid=13374&returnto=3107
"Teaching Reading, MA",https://catalog.usfca.edu/preview_program.php?catoid=22&poid=13245&returnto=3107
"Teaching Reading, Multiple Subject Credential, MA",https://catalog.usfca.edu/preview_program.php?catoid=22&poid=13360&returnto=3107
"Teaching Reading, Multiple Subject/Bilingual Authorization Credential, MA",https://catalog.usfca.edu/preview_program.php?catoid=22&poid=13364&returnto=3107
"Teaching Reading, Single Subject Credential, MA",https://catalog.usfca.edu/preview_program.php?catoid=22&poid=13361&returnto=3107
"Teaching Reading, Single Subject/Bilingual Authorization Credential, MA",https://catalog.usfca.edu/preview_program.php?catoid=22&poid=13439&returnto=3107
"Urban and Public Affairs, MA",https://catalog.usfca.edu/preview_program.php?catoid=22&poid=13335&returnto=3107
"Urban Education and Social Justice, Elementary Education Concentration with Multiple Subject Credential, MAT",https://catalog.usfca.edu/preview_program.php?catoid=22&poid=13442&returnto=3107
"Urban Education and Social Justice, Elementary Education Concentration with Multiple Subject/Bilingual Authorization Credential, MAT",https://catalog.usfca.edu/preview_program.php?catoid=22&poid=13355&returnto=3107
"Urban Education and Social Justice, Secondary Education Concentration with Single Subject Credential, MAT",https://catalog.usfca.edu/preview_program.php?catoid=22&poid=13357&returnto=3107
"Urban Education and Social Justice, Secondary Education Concentration with Single Subject/Bilingual Authorization Credential, MAT",https://catalog.usfca.edu/preview_program.php?catoid=22&poid=13356&returnto=3107
"Writing, MFA",https://catalog.usfca.edu/preview_program.php?catoid=22&poid=13219&returnto=3107
Catholic Educational Leadership Minor,https://catalog.usfca.edu/preview_program.php?catoid=22&poid=13491&returnto=3107
Educational Technology Minor,https://catalog.usfca.edu/preview_program.php?catoid=22&poid=13447&returnto=3107
International and Multicultural Education Minor,https://catalog.usfca.edu/preview_program.php?catoid=22&poid=13492&returnto=3107
Learning and Instruction Minor,https://catalog.usfca.edu/preview_program.php?catoid=22&poid=13493&returnto=3107
Organization and Leadership Minor,https://catalog.usfca.edu/preview_program.php?catoid=22&poid=13494&returnto=3107
Special Education Minor,https://catalog.usfca.edu/preview_program.php?catoid=22&poid=13446&returnto=3107
Asia Pacific Studies Certificate,https://catalog.usfca.edu/preview_program.php?catoid=22&poid=13484&returnto=3107
Business Law Certificate,https://catalog.usfca.edu/preview_program.php?catoid=22&poid=13413&returnto=3107
CA Reading and Literacy Added Authorization,https://catalog.usfca.edu/preview_program.php?catoid=22&poid=13401&returnto=3107
Catholic Educational Leadership Certificate,https://catalog.usfca.edu/preview_program.php?catoid=22&poid=13441&returnto=3107
Clinical Counseling Certificate,https://catalog.usfca.edu/preview_program.php?catoid=22&poid=13404&returnto=3107
Clinical Informatics Certificate (DR),https://catalog.usfca.edu/preview_program.php?catoid=22&poid=33333&returnto=3107
Clinical Informatics Certificate (GR),https://catalog.usfca.edu/preview_program.php?catoid=22&poid=33332&returnto=3107
Educational Technology Certificate,https://catalog.usfca.edu/preview_program.php?catoid=22&poid=13405&returnto=3107
Family Psychiatric Mental Health Nurse Practitioner Certificate,https://catalog.usfca.edu/preview_program.php?catoid=22&poid=13398&returnto=3107
Finance Investment Management Certificate,https://catalog.usfca.edu/preview_program.php?catoid=22&poid=13437&returnto=3107
Foundations in Data Science Certificate,https://catalog.usfca.edu/preview_program.php?catoid=22&poid=34886&returnto=3107
Foundations of Finance Certificate,https://catalog.usfca.edu/preview_program.php?catoid=22&poid=13436&returnto=3107
Geospatial Information Science (Graduate) Certificate,https://catalog.usfca.edu/preview_program.php?catoid=22&poid=13464&returnto=3107
Geospatial Information Science (Undergraduate) Certificate,https://catalog.usfca.edu/preview_program.php?catoid=22&poid=13465&returnto=3107
Intellectual Property & Tech Law Certificate,https://catalog.usfca.edu/preview_program.php?catoid=22&poid=13416&returnto=3107
International & Comparative Law Certificate,https://catalog.usfca.edu/preview_program.php?catoid=22&poid=13415&returnto=3107
International School Leadership Certificate ,https://catalog.usfca.edu/preview_program.php?catoid=22&poid=13406&returnto=3107
Labor and Employment Law Certificate,https://catalog.usfca.edu/preview_program.php?catoid=22&poid=13414&returnto=3107
Professional Communication Certificate,https://catalog.usfca.edu/preview_program.php?catoid=22&poid=13412&returnto=3107
Public Interest Law Certificate,https://catalog.usfca.edu/preview_program.php?catoid=22&poid=13417&returnto=3107
Saint Ignatius Institute Certificate ,https://catalog.usfca.edu/preview_program.php?catoid=22&poid=13440&returnto=3107
Simulation Education Certificate,https://catalog.usfca.edu/preview_program.php?catoid=22&poid=13402&returnto=3107
Simulation Operations Management Certificate,https://catalog.usfca.edu/preview_program.php?catoid=22&poid=13403&returnto=3107
Tax Law Certificate ,https://catalog.usfca.edu/preview_program.php?catoid=22&poid=13418&returnto=3107
Teaching English to Speakers of Other Languages Certificate,https://catalog.usfca.edu/preview_program.php?catoid=22&poid=13407&returnto=3107
Tech and Design Certificate,https://catalog.usfca.edu/preview_program.php?catoid=22&poid=13400&returnto=3107
2+2+3 BA/BS-JD program,https://catalog.usfca.edu/preview_program.php?catoid=22&poid=13463&returnto=3107
3+3 BA/BS-JD Program,https://catalog.usfca.edu/preview_program.php?catoid=22&poid=13462&returnto=3107
4+3 BA/BS-JD Program,https://catalog.usfca.edu/preview_program.php?catoid=22&poid=13270&returnto=3107
Applied Economics 4+1 BS/MS,https://catalog.usfca.edu/preview_program.php?catoid=22&poid=13469&returnto=3107
"Asia Pacific Studies, MA/MBA - Full Time",https://catalog.usfca.edu/preview_program.php?catoid=22&poid=13421&returnto=3107
"Asia Pacific Studies, MA/MBA - Part Time",https://catalog.usfca.edu/preview_program.php?catoid=22&poid=13467&returnto=3107
"Biotechnology (4+1), BS/PSM",https://catalog.usfca.edu/preview_program.php?catoid=22&poid=13476&returnto=3107
"Computer Science (4+1), BS",https://catalog.usfca.edu/preview_program.php?catoid=22&poid=13333&returnto=3107
"Energy Systems Mgmt, MS/MBA",https://catalog.usfca.edu/preview_program.php?catoid=22&poid=13489&returnto=3107
Engineering Physics Dual Degree Program,https://catalog.usfca.edu/preview_program.php?catoid=22&poid=13204&returnto=3107
"Environmental Management, MS/MBA",https://catalog.usfca.edu/preview_program.php?catoid=22&poid=13422&returnto=3107
"Environmental Management, MS/MBA - Part Time",https://catalog.usfca.edu/preview_program.php?catoid=22&poid=13458&returnto=3107
"Financial Analysis (4+1), BSBA/MS",https://catalog.usfca.edu/preview_program.php?catoid=22&poid=13477&returnto=3107
"Financial Analysis - Full Time, MS/MBA",https://catalog.usfca.edu/preview_program.php?catoid=22&poid=13461&returnto=3107
"Financial Analysis - Part Time, MS/MBA",https://catalog.usfca.edu/preview_program.php?catoid=22&poid=13460&returnto=3107
"Health Informatics, MS/Nursing, BSN",https://catalog.usfca.edu/preview_program.php?catoid=22&poid=13453&returnto=3107
"International & Development Economics (4+1), BS/MS",https://catalog.usfca.edu/preview_program.php?catoid=22&poid=13475&returnto=3107
JD/MBA,https://catalog.usfca.edu/preview_program.php?catoid=22&poid=13278&returnto=3107
"MBA - Full Time/Asia Pacific Studies, MA",https://catalog.usfca.edu/preview_program.php?catoid=22&poid=13264&returnto=3107
"MBA - Part Time/Asia Pacific Studies, MA",https://catalog.usfca.edu/preview_program.php?catoid=22&poid=13466&returnto=3107
"MBA - Part Time/Environmental Management, MS",https://catalog.usfca.edu/preview_program.php?catoid=22&poid=13459&returnto=3107
MBA/DDS,https://catalog.usfca.edu/preview_program.php?catoid=22&poid=13266&returnto=3107
"MBA/Energy Systems Mgmt, MS",https://catalog.usfca.edu/preview_program.php?catoid=22&poid=13490&returnto=3107
"MBA/Environmental Management, MS",https://catalog.usfca.edu/preview_program.php?catoid=22&poid=13265&returnto=3107
MBA/JD,https://catalog.usfca.edu/preview_program.php?catoid=22&poid=13248&returnto=3107
"Nursing, BSN (4+1), MSN",https://catalog.usfca.edu/preview_program.php?catoid=22&poid=13351&returnto=3107
"Public Health, Community and Public Health Practice Concentration, MPH/Family Nurse Practitioner (BSN/RN), DNP",https://catalog.usfca.edu/preview_program.php?catoid=22&poid=32309&returnto=3107
"Public Health, MPH/Nursing, BSN",https://catalog.usfca.edu/preview_program.php?catoid=22&poid=13423&returnto=3107
"Public Heath, MPH/ Psychiatric-Mental Health Nurse Practitioner, DNP",https://catalog.usfca.edu/preview_program.php?catoid=22&poid=13451&returnto=3107
"Urban and Public Affairs, MA / JD",https://catalog.usfca.edu/preview_program.php?catoid=22&poid=13426&returnto=3107
Undergraduate Teacher Credential Program - Multiple Subject,https://catalog.usfca.edu/preview_program.php?catoid=22&poid=13429&returnto=3107
Undergraduate Teacher Credential Program - Single Subject,https://catalog.usfca.edu/preview_program.php?catoid=22&poid=13430&returnto=3107
Honors College,https://catalog.usfca.edu/preview_program.php?catoid=22&poid=13488&returnto=3107
